From Zone,To Zone,0.5kg,1.0kg,2.0kg,3.0kg,4.0kg,5.0kg,Base (>5kg),Per kg
ADL,ADL,7.125,7.125,7.125,7.125,7.125,7.125,7.125,0
ADL,SHT,7.8,7.8,7.8,7.8,7.8,7.8,7.8,0
ADL,GEE,8.65,8.8875,9.375,9.8625,10.35,10.85,11.3375,0.4875
ADL,MEL,8.5375,8.6625,8.9125,9.175,9.4375,9.6875,9.95,0.2625
ADL,NEW,8.85,9.3,10.1875,11.0875,11.9875,12.875,13.775,0.9
ADL,SYD,8.65,8.8875,9.375,9.8625,10.35,10.85,11.3375,0.4875
ADL,WOL,8.85,9.3,10.1875,11.0875,11.9875,12.875,13.775,0.9
ADL,YNG,9.55,10.725,13.0375,15.3625,17.6875,19.9875,22.3125,2.325
ADL,ALB,8.65,8.8875,9.375,9.8625,10.35,10.85,11.3375,0.4875
ADL,BEN,8.65,8.8875,9.375,9.8625,10.35,10.85,11.3375,0.4875
ADL,BRI,8.85,9.3,10.1875,11.0875,11.9875,12.875,13.775,0.9
ADL,CBR,9.275,10.1375,11.875,13.6125,15.35,17.075,18.8125,1.7375
ADL,CCT,8.85,9.3,10.1875,11.0875,11.9875,12.875,13.775,0.9
ADL,CFS,9.275,10.1375,11.875,13.6125,15.35,17.075,18.8125,1.7375
ADL,OAG,9.55,10.725,13.0375,15.3625,17.6875,19.9875,22.3125,2.325
ADL,DPO,9.275,10.1375,11.875,13.6125,15.35,17.075,18.8125,1.7375
ADL,GLD,8.85,9.3,10.1875,11.0875,11.9875,12.875,13.775,0.9
ADL,LAU,9.275,10.1375,11.875,13.6125,15.35,17.075,18.8125,1.7375
ADL,NTH,9.275,10.1375,11.875,13.6125,15.35,17.075,18.8125,1.7375
ADL,PER,8.85,9.3,10.1875,11.0875,11.9875,12.875,13.775,0.9
ADL,PQQ,9.275,10.1375,11.875,13.6125,15.35,17.075,18.8125,1.7375
ADL,TAS,9.275,10.1375,11.875,13.6125,15.35,17.075,18.8125,1.7375
ADL,SUN,8.85,9.3,10.1875,11.0875,11.9875,12.875,13.775,0.9
ADL,TOO,9.275,10.1375,11.875,13.6125,15.35,17.075,18.8125,1.7375
ADL,BDB,9.275,10.1375,11.875,13.6125,15.35,17.075,18.8125,1.7375
ADL,CAP,9.275,10.1375,11.875,13.6125,15.35,17.075,18.8125,1.7375
ADL,CNS,9.8125,11.2125,14.0375,16.8375,19.65,22.4625,25.2875,2.8125
ADL,MKY,9.55,10.725,13.0375,15.3625,17.6875,19.9875,22.3125,2.325
ADL,MYB,9.275,10.1375,11.875,13.6125,15.35,17.075,18.8125,1.7375
ADL,TVL,9.8125,11.2125,14.0375,16.8375,19.65,22.4625,25.2875,2.8125
ALB,ALB,7.3625,7.3625,7.3625,8.1875,8.725,8.8625,9,0.1375
ALB,SHT,9.6375,11.4875,12.3125,13.1625,15.55,17.9375,18.9125,1.3625
ALB,CBR,9.1375,10.225,11.325,12.1375,12.9625,13.975,17.4625,0.6875
ALB,BEN,10.3625,12.025,12.975,13.9,16.35,18.8,21.1375,0.725
ALB,GEE,10.3625,12.025,12.975,13.9,16.35,18.8,20.65,0.175
ALB,MEL,8.125,9.1875,10.6,11.875,12.575,13.4,17.4625,0.6875
ALB,SYD,8.7375,10.2125,11.175,12.125,12.8,14.2625,23.05,0.8875
ALB,WOL,10.3625,12.6625,13.575,14.5125,17.1375,19.7625,22.975,1.9625
ALB,YNG,10.525,12.025,13.1625,14.2875,16.7375,19.1875,19.95,0.725
ALB,CCT,10.3625,12.6625,13.575,14.5125,16.8375,19.1875,26.0625,1.9625
ALB,NEW,10.3625,12.6625,13.575,14.5125,17.1375,19.7625,26.05,1.9625
ALB,ADL,10.3625,12.025,12.975,13.9,16.35,18.8,26.975,1.9625
ALB,BRI,10.775,14.8,16.8125,18.825,20.775,22.7125,23.05,3.575
ALB,CFS,10.3625,12.025,12.975,13.9,16.35,18.8,26.7125,1.9625
ALB,GLD,10.775,14.8,16.8125,18.825,20.775,22.7125,23.05,3.575
ALB,NTH,11.2875,12.025,12.975,13.9,16.35,18.8,27.125,1.9625
ALB,OAG,10.3625,12.025,12.975,13.9,16.35,18.8,26.8625,1.9625
ALB,PQQ,11.2875,12.025,12.975,13.9,16.35,18.8,27.2125,1.9625
ALB,SUN,10.775,14.8,16.8125,18.825,20.775,22.7125,23.05,4.5375
ALB,TOO,10.775,14.8,16.8125,18.825,20.775,22.7125,23.05,4.5375
ALB,BDB,12.3,16.8125,18.9625,21.1125,23.2625,25.4,27.1875,4.5375
ALB,CAP,10.775,14.8,16.8125,18.825,20.775,22.7125,23.05,4.5375
ALB,DPO,10.3625,14.15,15.9625,17.775,19.5875,21.4,25.2375,2.9875
ALB,LAU,10.3625,14.15,15.9625,17.775,19.5875,21.4,25.2375,2.9875
ALB,MYB,12.3,16.8125,18.9625,21.1125,23.2625,25.4,27.1875,4.5375
ALB,TAS,10.3625,14.15,15.9625,17.775,19.5875,21.4,25.2375,2.9875
ALB,MKY,10.775,14.8,16.8125,18.825,20.775,22.7125,23.05,4.5375
ALB,TVL,10.775,14.8,16.8125,18.825,20.775,22.7125,23.05,8.1
ALB,PER,10.775,14.8,16.8125,18.825,20.775,33.5625,28.3875,8.1
ALB,CNS,10.775,14.8,16.8125,18.825,20.775,22.7125,23.05,5.4875
BDB,BDB,7.5384375,9.3928125,9.7690625,10.1453125,10.3065625,10.4678125,10.561875,0.080625
BDB,SHT,8.2909375,10.3334375,10.7365625,11.153125,11.34125,11.5159375,11.61,0.0940625
BDB,CAP,8.3984375,9.675,10.105,10.5484375,11.905625,13.249375,13.4509375,2.0828125
BDB,MKY,8.9896875,10.91125,11.4621875,11.9996875,13.571875,15.1440625,15.9771875,2.0828125
BDB,TVL,9.46,11.260625,11.905625,12.5371875,14.1496875,15.7621875,17.8046875,2.230625
BDB,MYB,8.3984375,9.675,10.105,10.5484375,11.905625,13.249375,13.4509375,2.0828125
BDB,CNS,9.46,11.260625,11.905625,12.5371875,14.1496875,15.7621875,17.8046875,2.365
BDB,BRI,9.46,11.260625,11.905625,12.5371875,14.1496875,15.7621875,17.8046875,2.0425
BDB,GLD,9.46,11.260625,11.905625,12.5371875,14.1496875,15.7621875,17.8046875,2.0425
BDB,SUN,9.46,11.260625,11.905625,12.5371875,14.1496875,15.7621875,17.8046875,2.0425
BDB,TOO,9.46,11.260625,11.905625,12.5371875,14.1496875,15.7621875,18.893125,3.1309375
BDB,CFS,9.46,11.260625,11.905625,12.5371875,14.1496875,15.7621875,18.893125,3.1309375
BDB,NTH,9.46,11.260625,11.905625,12.5371875,14.1496875,15.7621875,18.893125,3.1309375
BDB,SYD,9.46,11.260625,11.905625,12.5371875,14.1496875,15.7621875,18.893125,3.1309375
BDB,CBR,9.46,11.260625,11.905625,12.5371875,14.1496875,15.7621875,18.893125,3.1309375
BDB,CCT,9.46,11.260625,11.905625,12.5371875,14.1496875,15.7621875,18.893125,3.1309375
BDB,NEW,9.46,11.260625,11.905625,12.5371875,14.1496875,15.7621875,18.893125,3.1309375
BDB,OAG,11.4084375,15.64125,17.8046875,19.9546875,22.010625,24.0665625,27.78875,3.7221875
BDB,PQQ,9.46,11.260625,11.905625,12.5371875,14.1496875,15.7621875,18.893125,3.1309375
BDB,WOL,9.46,11.260625,11.905625,12.5371875,14.1496875,15.7621875,18.893125,3.1309375
BDB,MEL,11.4084375,15.64125,17.8046875,19.9546875,22.010625,24.0665625,27.78875,3.7221875
BDB,YNG,11.4084375,15.64125,17.8046875,19.9546875,22.010625,24.0665625,28.836875,4.7703125
BDB,ALB,11.4084375,15.64125,17.8046875,19.9546875,22.010625,24.0665625,28.836875,4.7703125
BDB,GEE,11.4084375,15.64125,17.8046875,19.9546875,22.010625,24.0665625,27.78875,3.7221875
BDB,ADL,11.4084375,15.64125,17.8046875,19.9546875,22.010625,24.0665625,27.78875,3.7221875
BDB,BEN,11.4084375,15.64125,17.8046875,19.9546875,22.010625,24.0665625,28.836875,4.7703125
BDB,DPO,11.4084375,15.64125,17.8046875,19.9546875,22.010625,24.0665625,29.7909375,5.724375
BDB,LAU,11.4084375,15.64125,17.8046875,19.9546875,22.010625,24.0665625,29.7909375,5.724375
BDB,PER,11.4084375,15.64125,17.8046875,19.9546875,22.010625,24.0665625,29.7909375,6.960625
BDB,TAS,11.4084375,15.64125,17.8046875,19.9546875,22.010625,24.0665625,29.7909375,5.724375
BEN,BEN,7.5,7.6375,7.9125,7.9125,8.3125,8.3125,8.45,0.1375
BEN,SHT,7.5625,7.7,7.9875,7.9875,8.3875,8.3875,11.3125,0.2
BEN,ALB,9.0875,12.55,13.3625,14.15,15.025,15.8875,18.4125,1.45
BEN,GEE,9,9.1375,9.55,9.55,10.0875,10.0875,15.1125,0.3125
BEN,MEL,7.5625,7.7,7.9875,7.9875,8.3875,8.3875,13.95,0.3125
BEN,ADL,9.575,13.075,14.3,15.4875,16.625,17.7625,19.8375,2.075
BEN,CBR,9.575,13.075,14.3,15.4875,16.625,17.7625,19.8375,2.075
BEN,CCT,9.575,13.075,14.3,15.4875,16.625,17.7625,19.8375,2.075
BEN,NEW,9.575,13.075,14.3,15.4875,16.625,17.7625,19.8375,2.075
BEN,SYD,9.575,11.6125,14.3,15.4875,16.625,17.7625,18.7375,2.075
BEN,WOL,9.575,13.075,14.3,15.4875,16.625,17.7625,19.8375,2.075
BEN,BRI,11.725,16.1,18.275,20.4625,22.575,24.6875,28.45,3.7625
BEN,CFS,9.575,13.075,14.3,15.4875,16.625,17.7625,19.8375,2.075
BEN,GLD,11.725,16.1,18.275,20.4625,22.575,24.6875,28.45,3.7625
BEN,NTH,11.725,16.1,18.275,20.4625,22.575,24.6875,28.45,3.7625
BEN,OAG,11.725,16.1,18.275,20.4625,22.575,24.6875,28.45,3.7625
BEN,PQQ,11.725,16.1,18.275,20.4625,22.575,24.6875,28.45,3.7625
BEN,SUN,11.725,16.1,18.275,20.4625,22.575,24.6875,29.4625,4.7875
BEN,TOO,11.725,16.1,18.275,20.4625,22.575,24.6875,29.4625,4.7875
BEN,YNG,11.725,16.1,18.275,20.4625,22.575,24.6875,28.45,3.4125
BEN,BDB,11.725,16.1,18.275,20.4625,22.575,24.6875,29.4625,4.7875
BEN,CAP,11.725,16.1,18.275,20.4625,22.575,24.6875,30.45,5.7625
BEN,DPO,11.725,16.1,18.275,20.4625,22.575,24.6875,28.45,3.7625
BEN,LAU,11.725,16.1,18.275,20.4625,22.575,24.6875,28.45,3.7625
BEN,MYB,11.725,16.1,18.275,20.4625,22.575,24.6875,29.4625,4.7875
BEN,TAS,11.725,16.1,18.275,20.4625,22.575,24.6875,28.45,3.7625
BEN,MKY,11.725,16.1,18.275,20.4625,22.575,24.6875,29.4625,4.7875
BEN,TVL,11.725,16.1,18.275,20.4625,22.575,24.6875,30.45,5.7625
BEN,CNS,11.725,16.1,18.275,20.4625,22.575,24.6875,30.45,5.7625
BEN,PER,11.725,16.1,18.275,20.4625,22.575,24.6875,30.45,5.7625
BRI,BRI,5.8,6.475,6.475,6.475,6.475,6.475,7.1625,0.2
BRI,SHT,6.3375,7.025,7.025,7.025,7.025,7.025,7.7,0.2
BRI,GLD,7.6375,7.775,8.05,8.05,9.1625,9.1625,9.3125,0.2875
BRI,SUN,7.6375,7.775,8.05,8.05,9.1625,9.1625,9.3125,0.375
BRI,TOO,7.9125,8.725,9.3375,9.8875,10.4375,10.975,12.55,0.575
BRI,CFS,9.8875,10.025,10.1625,10.3,10.5,10.7125,15.2,0.8
BRI,SYD,8.45,8.5875,8.725,8.8625,9.075,9.275,10.0875,0.8375
BRI,BDB,9.55,11.5875,12.275,13.6375,14.325,15,16.3625,1.0125
BRI,MYB,9.55,11.5875,12.275,13.6375,14.325,15,16.3625,0.6875
BRI,NEW,8.6625,11.3875,12.6375,13.875,15.1125,16.3625,19.2375,0.625
BRI,NTH,8.6625,11.3875,12.6375,13.875,15.1125,16.3625,19.2375,1.2
BRI,PQQ,8.6625,11.3875,12.6375,13.875,15.1125,16.3625,19.2375,1.175
BRI,MEL,8.45,10.6375,11.8625,13.1625,14.525,16.3625,17.725,1.1125
BRI,WOL,9.9625,11.3875,12.6875,13.9125,15.1375,16.3625,16.3625,0.7875
BRI,CCT,9.8875,11.4,12.6375,13.8875,15.1125,16.3625,19.225,1.9375
BRI,CBR,9.9625,10.7125,11.05,12,12.9625,15.4125,27.4125,1.5875
BRI,GEE,9.9625,13.575,15.6875,17.8,20.25,22.7125,27.4125,1.2875
BRI,CAP,9.1375,12.6125,13.975,15.35,16.7125,18.075,19.1,1.9625
BRI,MKY,9.5875,12.6125,13.975,15.35,16.7125,18.075,19.3,1.5
BRI,ALB,9.3375,11.675,13.9125,16.1625,17.1125,18,27.275,2.3125
BRI,BEN,10.05,13.5875,15.7,17.8125,19.35,20.5875,29.8,1.6625
BRI,OAG,9.3375,11.4,13.375,15.3625,15.85,16.35,20.45,2.1875
BRI,TVL,10.175,13.8875,15.6625,17.425,19.2125,20.9875,28.3875,1.85
BRI,YNG,9.3375,11.675,13.925,16.1875,17.1,18.0125,28,1.8875
BRI,ADL,10.225,10.3625,11.8625,13.225,14.6625,16.225,17.05,1.45
BRI,CNS,10.175,13.9125,15.6875,17.4625,19.225,21,24.55,2.35
BRI,DPO,10.05,13.5875,15.7,17.8125,20.25,22.725,24.55,3
BRI,LAU,10.05,13.5875,15.7,17.8125,20.25,22.725,24.55,3
BRI,TAS,9.575,11.9625,14.475,16.975,19.525,22.0625,24.55,3.05
BRI,PER,8.8,12,15.2125,18.475,21.825,25.9125,34.525,4.85
CAP,CAP,7.9875,10.9,11.725,12.5625,12.6375,12.6875,12.7875,0.1125
CAP,SHT,8.7875,11.9875,12.9,13.8125,13.875,13.95,14.075,0.125
CAP,BDB,9.0875,12.55,13.3625,14.15,15.025,15.8875,17.3375,1.45
CAP,MKY,9.0875,12.55,13.3625,14.15,15.025,15.8875,17.3375,1.45
CAP,MYB,9.0875,12.55,13.3625,14.15,15.025,15.8875,17.3375,1.45
CAP,BRI,9.575,13.075,14.3,15.4875,16.625,17.7625,19.8375,2.075
CAP,TVL,9.575,13.075,14.3,18.3125,19.6625,20.9875,29.3125,4.0875
CAP,CNS,9.575,13.075,14.3,18.3125,19.6625,20.9875,29.3125,4.0875
CAP,SUN,9.575,13.075,14.3,18.3125,19.6625,20.9875,29.3125,4.0875
CAP,GLD,9.575,13.075,14.3,15.4875,16.625,17.7625,20.9,3.125
CAP,TOO,9.575,13.075,14.3,15.4875,18.025,19.2375,22.6375,3.125
CAP,CFS,11.725,16.1,18.275,20.4625,22.575,24.6875,28.45,3.7625
CAP,NTH,11.725,16.1,18.275,20.4625,22.575,24.6875,28.45,3.7625
CAP,SYD,11.725,16.1,18.275,20.4625,22.575,24.6875,28.45,3.7625
CAP,CCT,11.725,16.1,18.275,20.4625,22.575,24.6875,28.45,3.7625
CAP,NEW,11.725,16.1,18.275,20.4625,22.575,24.6875,28.45,3.7625
CAP,PQQ,11.725,16.1,18.275,20.4625,22.575,24.6875,28.45,3.7625
CAP,CBR,11.725,16.1,18.275,20.4625,22.575,24.6875,28.45,3.7625
CAP,WOL,11.725,16.1,18.275,20.4625,22.575,24.6875,28.45,3.7625
CAP,OAG,11.725,16.1,18.275,20.4625,22.575,24.6875,29.4625,4.7875
CAP,MEL,11.725,16.1,18.275,20.4625,22.575,24.6875,28.45,3.7625
CAP,ADL,11.725,16.1,18.275,20.4625,22.575,24.6875,30.45,5.7625
CAP,YNG,11.725,16.1,18.275,20.4625,22.575,24.6875,29.4625,4.7875
CAP,GEE,11.725,16.1,18.275,20.4625,22.575,24.6875,28.45,3.7625
CAP,ALB,11.725,16.1,18.275,20.4625,22.575,24.6875,29.4625,4.7875
CAP,BEN,11.725,16.1,18.275,20.4625,22.575,24.6875,29.4625,4.7875
CAP,DPO,11.725,16.1,18.275,20.4625,22.575,24.6875,30.45,5.7625
CAP,LAU,11.725,16.1,18.275,20.4625,22.575,24.6875,30.45,5.7625
CAP,TAS,11.725,16.1,18.275,20.4625,22.575,24.6875,30.45,5.7625
CAP,PER,11.725,16.1,18.275,22.175,24.475,26.75,33,6.25
CBR,CBR,6.5125,7.3,7.425,7.5625,7.75,7.95,8.4875,0.2125
CBR,SHT,7.5,8.6,8.7375,8.875,9.0625,9.2625,9.8625,0.2125
CBR,ALB,8.875,10.5625,11.15,11.75,13.25,14.7625,17.55,1.225
CBR,MEL,7.0875,7.9875,8.35,8.725,9.875,11.025,12.9375,1
CBR,SYD,7.8625,7.9875,8.1,8.225,8.4,8.575,10.075,0.575
CBR,YNG,8.425,10.225,10.7375,11.25,12.725,14.1875,15.75,1.225
CBR,BEN,9.15,12.5,13.6625,14.8125,15.8875,16.975,19.925,1.225
CBR,CCT,8.675,11.9875,12.7625,13.5125,14.35,15.1875,17.4125,1.225
CBR,NEW,8.675,11.9875,12.7625,13.5125,14.35,15.1875,17.4125,1.225
CBR,WOL,8.675,11.9875,12.7625,13.5125,14.35,15.1875,17.4125,1.225
CBR,GEE,8.75,10.4125,11,11.575,13.075,14.55,17.275,0.725
CBR,BRI,8.75,10.4125,11,11.575,13.075,14.55,17.275,1.5625
CBR,CFS,8.675,11.9875,12.7625,13.5125,14.35,15.1875,17.4125,1.4375
CBR,GLD,9.15,12.5,13.6625,14.8125,15.8875,16.975,19.925,2.525
CBR,OAG,8.675,11.9875,12.7625,13.5125,14.35,15.1875,17.4125,1.225
CBR,PQQ,8.675,11.9875,12.7625,13.5125,14.35,15.1875,17.4125,2
CBR,NTH,8.675,11.9875,12.7625,13.5125,14.35,15.1875,17.4125,2
CBR,ADL,9.15,12.5,13.6625,14.8125,15.8875,16.975,19.925,1.5625
CBR,SUN,9.15,12.5,13.6625,14.8125,15.8875,16.975,21,2.525
CBR,TOO,9.15,12.5,13.6625,14.8125,15.8875,16.975,21,1.825
CBR,BDB,9.15,12.5,13.6625,14.8125,15.8875,16.975,21,2.525
CBR,CAP,11.2125,15.3875,17.475,19.55,21.5625,23.6,28.6,4.85
CBR,MYB,9.15,12.5,13.6625,14.8125,15.8875,16.975,21,3.4125
CBR,DPO,10.6875,14.6625,16.6875,18.7,20.6375,22.55,28.4125,2.525
CBR,LAU,10.6875,14.6625,16.6875,18.7,20.6375,22.55,28.4125,2.525
CBR,MKY,10.6875,14.6625,16.6875,18.7,20.6375,22.55,27.3875,4.85
CBR,TAS,10.6875,14.6625,16.6875,18.7,20.6375,22.55,28.4125,1.5625
CBR,CNS,10.6875,14.6625,16.6875,18.7,20.6375,22.55,28.4125,5.25
CBR,PER,10.6875,14.6625,16.6875,18.7,20.6375,22.55,29.3625,7.225
CBR,TVL,10.6875,14.6625,16.6875,18.7,20.6375,22.55,28.4125,5.25
CCT,CCT,8.0125,9.3125,10.1375,10.1375,10.7,10.7,11,0.1
CCT,SHT,8.0125,9.3125,10.1375,10.1375,10.7,10.7,11,0.1
CCT,NEW,9.6125,11.8,14.275,14.275,16.175,16.175,17.85,0.2875
CCT,PQQ,10.25,12.5375,14.7375,14.7375,16.7625,16.7625,18.4375,1.1625
CCT,SYD,8.4625,11.4625,13.9625,13.9625,15.9,15.9,16.7,0.2875
CCT,WOL,9.6125,11.8,14.275,14.275,16.175,16.175,17.85,0.2875
CCT,ALB,10.25,12.5375,14.7375,14.7375,16.7625,16.7625,18.4375,1.1625
CCT,BEN,10.5125,13,15.8875,15.8875,20.275,20.275,23.0125,1.8875
CCT,BRI,10.3875,12.7375,15.15,15.15,18.4,18.4,20.8125,1.4375
CCT,CBR,10.25,12.5375,14.7375,14.7375,16.7625,16.7625,18.4375,1.1625
CCT,CFS,9.6125,11.8,14.275,14.275,16.175,16.175,17.85,0.2875
CCT,GEE,10.5125,13,15.8875,15.8875,20.275,20.275,23.0125,1.8875
CCT,GLD,10.3875,12.7375,15.15,15.15,18.4,18.4,20.8125,1.4375
CCT,MEL,10.3875,12.7375,15.15,15.15,18.4,18.4,20.8125,1.4375
CCT,NTH,10.25,12.5375,14.7375,14.7375,16.7625,16.7625,18.4375,1.1625
CCT,OAG,10.25,12.5375,14.7375,14.7375,16.7625,16.7625,18.4375,1.1625
CCT,YNG,10.5125,13,15.8875,15.8875,20.275,20.275,23.0125,1.8875
CCT,ADL,10.3875,12.7375,15.15,15.15,18.4,18.4,20.8125,1.4375
CCT,BDB,10.5125,13,15.8875,15.8875,20.275,20.275,23.0125,1.8875
CCT,CAP,10.6375,13.5,16.3125,16.3125,21.55,21.55,25.1,2.3125
CCT,MYB,10.5125,13,15.8875,15.8875,20.275,20.275,23.0125,1.8875
CCT,SUN,10.5125,13,15.8875,15.8875,20.275,20.275,23.0125,1.8875
CCT,TOO,10.5125,13,15.8875,15.8875,20.275,20.275,23.0125,1.8875
CCT,CNS,10.6375,13.5,16.3125,16.3125,21.55,21.55,25.1,2.3125
CCT,DPO,10.6375,13.5,16.3125,16.3125,21.55,21.55,25.1,2.3125
CCT,LAU,10.6375,13.5,16.3125,16.3125,21.55,21.55,25.1,2.3125
CCT,MKY,10.5125,13,15.8875,15.8875,20.275,20.275,23.0125,1.8875
CCT,TAS,10.6375,13.5,16.3125,16.3125,21.55,21.55,25.1,2.3125
CCT,TVL,10.6375,13.5,16.3125,16.3125,21.55,21.55,25.1,2.3125
CCT,PER,10.925,13.7875,17.8,17.8,22.3125,22.3125,25.425,4.0625
CFS,CFS,7.5,7.6375,7.9125,7.9125,8.3125,8.3125,8.45,0.2
CFS,SHT,7.85,10,10.3875,10.7875,10.975,11.15,11.15,0.2
CFS,NTH,9.625,9.75,10.1625,10.1625,10.7125,10.7125,12.6125,0.4875
CFS,PQQ,9.625,9.75,10.1625,10.1625,10.7125,10.7125,12.6125,0.4875
CFS,BRI,9,9.1375,9.55,9.55,10.0875,10.0875,11.05,0.55
CFS,CBR,9.075,9.2,10.4875,12.0125,13.3375,14.65,14.8625,0.725
CFS,CCT,9.075,9.2,10.4875,12.0125,13.3375,14.65,14.8625,1.375
CFS,GLD,9.075,9.2,10.4875,12.0125,13.3375,14.65,14.8625,0.275
CFS,NEW,9.075,9.2,10.4875,12.0125,13.3375,14.65,14.8625,1.375
CFS,OAG,9.15,10.9,11.5125,12.1125,13.675,15.2375,23.05,0.725
CFS,SUN,9.15,10.9,11.5125,12.1125,13.675,15.2375,23.05,0.55
CFS,SYD,9.075,9.2,9.475,9.475,9.8875,9.8875,10.025,0.1375
CFS,TOO,9.15,10.9,11.5125,12.1125,13.675,15.2375,23.05,0.825
CFS,WOL,9.075,9.2,10.4875,12.0125,13.3375,14.65,14.8625,0.3375
CFS,ALB,9.15,10.9,11.5125,12.1125,13.675,15.2375,23.05,0.825
CFS,BDB,9.15,10.9,11.5125,12.1125,13.675,15.2375,23.05,2.0375
CFS,BEN,9.15,10.9,11.5125,12.1125,13.675,15.2375,23.05,1.5
CFS,CAP,10.775,14.8,16.8125,18.825,20.775,22.7125,23.05,2.175
CFS,GEE,9.15,10.9,11.5125,12.1125,13.675,15.2375,23.05,1.0875
CFS,MEL,9.15,10.9,11.5125,12.1125,13.675,15.2375,23.05,0.95
CFS,MYB,9.15,10.9,11.5125,12.1125,13.675,15.2375,23.05,2.0375
CFS,YNG,9.15,10.9,11.5125,12.1125,13.675,15.2375,23.05,1.375
CFS,ADL,9.15,10.9,11.5125,12.1125,13.675,15.2375,23.05,1.5
CFS,DPO,10.775,14.8,16.8125,18.825,20.775,22.7125,23.05,2.8625
CFS,LAU,10.775,14.8,16.8125,18.825,20.775,22.7125,23.05,2.8625
CFS,MKY,10.775,14.8,16.8125,18.825,20.775,22.7125,23.05,4.3625
CFS,TAS,10.775,14.8,16.8125,18.825,20.775,22.7125,23.05,2.725
CFS,TVL,10.775,14.8,16.8125,18.825,20.775,22.7125,23.05,2.4625
CFS,CNS,10.775,14.8,16.8125,18.825,20.775,22.7125,23.05,2.4625
CFS,PER,10.775,14.8,16.8125,18.825,20.775,22.7125,23.05,5.5875
CNS,CNS,10.4875,11.975,11.9875,12,12,12,12.075,0.1375
CNS,SHT,10.8875,11.975,14.25,16.5,16.5875,16.65,11.2875,0.275
CNS,CAP,10.8875,12.4625,14.8125,17.1625,20.7625,24.35,30.225,1.6375
CNS,TVL,10.8875,12.4625,14.8125,17.1625,20.65,24.1375,29.9375,1.375
CNS,MKY,10.8875,12.4625,14.8125,17.1625,20.7625,24.35,30.225,1.6375
CNS,BDB,10.8875,12.4625,14.8125,17.1625,20.7625,24.35,30.225,1.6375
CNS,MYB,10.8875,12.4625,14.8125,17.1625,20.7625,24.35,30.225,1.6375
CNS,BRI,10.8875,12.4625,14.8125,17.1625,20.075,22.975,28.5,2.725
CNS,GLD,10.8875,12.4625,14.8125,17.1625,20.7625,24.35,30.05,2.85
CNS,SUN,10.8875,12.4625,14.8125,17.1625,20.7625,24.35,30.75,4.4375
CNS,TOO,10.8875,12.4625,14.8125,17.1625,20.7625,24.35,30.3,3.55
CNS,CFS,10.8875,12.4625,14.8125,17.1625,20.65,24.1375,39.0375,3.55
CNS,NTH,10.8875,12.4625,14.8125,17.1625,20.65,24.1375,42.35,3.55
CNS,SYD,10.8875,12.4625,14.8125,17.1625,20.65,24.1375,39.0375,3.55
CNS,PQQ,10.8875,12.4625,14.8125,17.1625,20.65,24.1375,39.475,4.5
CNS,CBR,10.8875,12.4625,14.8125,17.1625,20.65,24.1375,39.8125,4.775
CNS,CCT,10.8875,12.4625,14.8125,17.1625,20.65,24.1375,39.925,5.1875
CNS,NEW,10.8875,12.4625,14.8125,17.1625,20.65,24.1375,39.9625,4.975
CNS,OAG,10.8875,12.4625,14.8125,17.1625,20.65,24.1375,40.0625,4.975
CNS,WOL,10.8875,12.4625,14.8125,17.1625,20.65,24.1375,39.2125,3.8125
CNS,MEL,10.8875,12.4625,14.8125,17.1625,21.65,26.1375,48.55,4.1
CNS,YNG,10.8875,12.4625,14.8125,17.1625,21.65,26.1375,48.925,4.9
CNS,ALB,10.8875,12.4625,14.8125,17.1625,21.65,26.1375,48.1875,4.1
CNS,GEE,10.8875,12.4625,14.8125,17.1625,21.65,26.1375,48.55,4.6375
CNS,BEN,10.8875,12.4625,14.8125,17.1625,21.65,26.1375,48.8375,5.45
CNS,ADL,10.8875,12.4625,14.8125,17.1625,21.65,26.1375,48.4375,4.775
CNS,DPO,10.8875,12.4625,14.8125,17.1625,21.65,26.1375,50.05,6.1375
CNS,LAU,10.8875,12.4625,14.8125,17.1625,21.65,26.1375,50.0375,6.1375
CNS,TAS,10.8875,12.4625,14.8125,17.1625,21.65,26.1375,50.0375,6.1375
CNS,PER,10.8875,12.4625,14.8125,17.1625,27.2,37.2375,64.45,8.1875
DPO,DPO,6.8575,9.1785,9.5345625,9.9038125,10.07525,10.2466875,10.28625,0.0395625
DPO,LAU,8.2949375,9.44225,9.8774375,10.2994375,11.6445625,12.9896875,13.87325,0.1714375
DPO,TAS,8.2949375,9.44225,9.8774375,10.2994375,11.6445625,12.9896875,13.87325,0.1714375
DPO,GEE,9.257625,10.998375,11.6181875,12.2248125,13.8073125,15.3898125,25.26725,1.978125
DPO,MEL,9.257625,10.998375,11.6181875,12.2248125,13.8073125,15.3898125,25.26725,1.978125
DPO,ADL,10.8796875,14.9414375,16.9723125,19.0031875,20.968125,22.9330625,26.8893125,3.6001875
DPO,ALB,9.257625,10.998375,11.6181875,12.2248125,13.8073125,15.3898125,25.26725,1.978125
DPO,BEN,9.257625,10.998375,11.6181875,12.2248125,13.8073125,15.3898125,25.26725,1.978125
DPO,CBR,10.8796875,14.9414375,16.9723125,19.0031875,20.968125,22.9330625,27.8651875,4.58925
DPO,CCT,9.257625,10.998375,11.6181875,12.2248125,13.8073125,15.3898125,26.295875,3.00675
DPO,NEW,10.8796875,14.9414375,16.9723125,19.0031875,20.968125,22.9330625,27.8651875,4.58925
DPO,SYD,9.257625,10.998375,11.6181875,12.2248125,13.8073125,15.3898125,26.295875,3.00675
DPO,WOL,9.257625,10.998375,11.6181875,12.2248125,13.8073125,15.3898125,26.295875,3.00675
DPO,BRI,10.8796875,14.9414375,16.9723125,19.0031875,20.968125,22.9330625,26.8893125,3.6001875
DPO,CFS,10.8796875,14.9414375,16.9723125,19.0031875,20.968125,22.9330625,27.8651875,4.58925
DPO,GLD,10.8796875,14.9414375,16.9723125,19.0031875,20.968125,22.9330625,26.8893125,3.6001875
DPO,NTH,10.8796875,14.9414375,16.9723125,19.0031875,20.968125,22.9330625,27.8651875,4.58925
DPO,OAG,10.8796875,14.9414375,16.9723125,19.0031875,20.968125,22.9330625,27.8651875,4.58925
DPO,PQQ,10.8796875,14.9414375,16.9723125,19.0031875,20.968125,22.9330625,27.8651875,4.58925
DPO,SUN,10.8796875,14.9414375,16.9723125,19.0031875,20.968125,22.9330625,28.827875,5.53875
DPO,TOO,10.8796875,14.9414375,16.9723125,19.0031875,20.968125,22.9330625,28.827875,5.53875
DPO,BDB,10.8796875,14.9414375,16.9723125,19.0031875,20.968125,22.9330625,28.827875,5.53875
DPO,CAP,10.8796875,14.9414375,16.9723125,19.0031875,20.968125,22.9330625,28.827875,5.53875
DPO,CNS,10.8796875,14.9414375,16.9723125,19.0031875,20.968125,22.9330625,28.827875,5.53875
DPO,MKY,10.8796875,14.9414375,16.9723125,19.0031875,20.968125,22.9330625,28.827875,5.53875
DPO,MYB,10.8796875,14.9414375,16.9723125,19.0031875,20.968125,22.9330625,28.827875,5.53875
DPO,PER,10.8796875,14.9414375,16.9723125,19.0031875,20.968125,22.9330625,28.827875,5.53875
DPO,TVL,10.8796875,14.9414375,16.9723125,19.0031875,20.968125,22.9330625,28.827875,5.53875
DPO,YNG,10.8796875,14.9414375,16.9723125,19.0031875,20.968125,22.9330625,27.8651875,4.58925
GEE,GEE,7.475,7.6,7.875,7.875,8.275,8.275,8.4125,0.1375
GEE,SHT,7.475,7.6,7.875,7.875,8.275,8.275,8.4125,0.1375
GEE,MEL,7.5375,7.675,7.9375,7.9375,8.35,8.35,8.475,0.1375
GEE,ADL,8.6,8.8875,10.425,11.9625,13.275,14.575,14.8,0.725
GEE,BEN,8.6,8.8875,10.425,11.9625,13.275,14.575,14.8,0.725
GEE,NEW,9.1125,10.85,11.45,12.05,13.6125,15.1625,22.9375,1.95
GEE,SYD,8.6,8.8875,10.425,11.9625,13.275,14.575,14.8,0.725
GEE,WOL,8.6,8.8875,10.425,11.9625,13.275,14.575,14.8,0.725
GEE,ALB,8.6,8.8875,10.425,11.9625,13.275,14.575,14.8,1.3625
GEE,BRI,9.1125,10.85,11.45,12.05,13.6125,15.1625,22.9375,1.95
GEE,CBR,9.1125,10.85,11.45,12.05,13.6125,15.1625,22.9375,1.95
GEE,CCT,8.6,8.8875,10.425,11.9625,13.275,14.575,14.8,0.725
GEE,CFS,9.1125,10.85,11.45,12.05,13.6125,15.1625,22.9375,1.95
GEE,GLD,9.1125,10.85,11.45,12.05,13.6125,15.1625,22.9375,1.95
GEE,NTH,9.1125,10.85,11.45,12.05,13.6125,15.1625,22.9375,1.95
GEE,OAG,9.1125,10.85,11.45,12.05,13.6125,15.1625,22.9375,2.975
GEE,PQQ,9.1125,10.85,11.45,12.05,13.6125,15.1625,22.9375,1.95
GEE,SUN,10.725,14.725,16.725,18.7375,20.6625,22.6,22.9375,3.5625
GEE,TOO,10.725,14.725,16.725,18.7375,20.6625,22.6,22.9375,3.5625
GEE,DPO,8.6,8.8875,10.425,11.9625,13.275,14.575,14.8,1.975
GEE,LAU,8.6,8.8875,10.425,11.9625,13.275,14.575,14.8,1.975
GEE,TAS,8.6,8.8875,10.425,11.9625,13.275,14.575,14.8,2.0375
GEE,YNG,9.1125,10.85,11.45,12.05,13.6125,15.1625,22.9375,2.0375
GEE,BDB,10.725,14.725,16.725,18.7375,20.6625,22.6,22.9375,3.5625
GEE,CAP,10.725,14.725,16.725,18.7375,20.6625,22.6,22.9375,3.5625
GEE,MKY,10.725,14.725,16.725,18.7375,20.6625,22.6,22.9375,3.5625
GEE,MYB,10.725,14.725,16.725,18.7375,20.6625,22.6,22.9375,3.5625
GEE,TVL,10.725,14.725,16.725,18.7375,20.6625,22.6,22.9375,4.5125
GEE,CNS,10.725,14.725,16.725,18.7375,20.6625,22.6,22.9375,4.5125
GEE,PER,10.725,14.725,16.725,18.7375,20.6625,22.6,22.9375,3.5625
GLD,GLD,5.5,5.5625,5.6875,5.6875,5.825,5.825,5.825,0.025
GLD,SHT,11.1875,11.475,11.575,11.6875,13.85,16.025,16.175,0.3375
GLD,ADL,7.7625,8.4125,9.7,11,12.4875,13.325,14.875,1.4
GLD,ALB,7.7625,8.4125,9.7,11,12.4875,13.325,14.875,1.1
GLD,BDB,11.65,12.9375,13.5875,14.2375,14.875,15.525,16.175,0.8625
GLD,BEN,11.65,12.9375,13.5875,14.2375,14.875,15.525,16.175,1.4
GLD,BRI,7.1125,7.7625,8.4125,9.7,12.2875,12.9375,14.875,0.325
GLD,CAP,11.65,12.9375,13.5875,14.2375,14.875,15.525,16.175,0.8625
GLD,CBR,7.7625,8.4125,9.7,11,12.4875,13.325,14.875,0.975
GLD,CCT,9.15,9.9125,11.4375,12.9625,14.7125,15.7125,17.5375,1.225
GLD,CFS,7.7625,8.4125,9.7,11,12.4875,13.325,14.875,0.45
GLD,CNS,13.725,15.25,16.0125,16.775,17.5375,18.3,19.0625,2.35
GLD,DPO,11.65,12.9375,13.5875,14.2375,14.875,15.525,16.175,2.2625
GLD,GEE,7.7625,8.4125,9.7,11,12.4875,13.325,14.875,2.2625
GLD,LAU,11.65,12.9375,13.5875,14.2375,14.875,15.525,16.175,2.2625
GLD,MEL,7.1125,7.7625,8.4125,9.7,12.2875,12.9375,14.875,0.8375
GLD,MKY,11.65,12.9375,13.5875,14.2375,14.875,15.525,16.175,1.1
GLD,MYB,7.7625,8.4125,9.7,11,12.4875,13.325,14.875,0.8625
GLD,NEW,9.15,9.9125,11.4375,12.9625,14.7125,15.7125,17.5375,1.225
GLD,NTH,7.1125,7.7625,8.4125,9.7,12.2875,12.9375,14.875,0.45
GLD,OAG,11.65,12.9375,13.5875,14.2375,14.875,15.525,16.175,1.6125
GLD,PER,9.525,10.725,12.85,15.0875,17.7375,19.575,21.85,3.325
GLD,PQQ,11.65,12.9375,13.5875,14.2375,14.875,15.525,16.175,1.6125
GLD,SUN,7.1125,7.7625,8.4125,9.7,12.2875,12.9375,14.875,0.45
GLD,SYD,7.1125,7.7625,8.4125,9.7,12.2875,12.9375,14.875,0.325
GLD,TAS,11.65,12.9375,13.5875,14.2375,14.875,15.525,16.175,1.6125
GLD,TOO,7.1125,7.7625,8.4125,9.7,12.2875,12.9375,14.875,0.45
GLD,TVL,11.65,12.9375,13.5875,14.2375,14.875,15.525,16.175,1.6125
GLD,WOL,7.7625,8.4125,9.7,11,12.4875,13.325,14.875,1.1
GLD,YNG,11.65,12.9375,13.5875,14.2375,14.875,15.525,16.175,1.6125
LAU,LAU,6.8575,9.1785,9.5345625,9.9038125,10.07525,10.2466875,10.28625,0.0395625
LAU,DPO,8.2949375,9.44225,9.8774375,10.2994375,11.6445625,12.9896875,13.87325,0.1714375
LAU,TAS,8.2949375,9.44225,9.8774375,10.2994375,11.6445625,12.9896875,13.87325,0.1714375
LAU,GEE,9.257625,10.998375,11.6181875,12.2248125,13.8073125,15.3898125,25.26725,1.978125
LAU,MEL,9.257625,10.998375,11.6181875,12.2248125,13.8073125,15.3898125,25.26725,1.978125
LAU,ADL,10.8796875,14.9414375,16.9723125,19.0031875,20.968125,22.9330625,26.8893125,3.6001875
LAU,ALB,9.257625,10.998375,11.6181875,12.2248125,13.8073125,15.3898125,25.26725,1.978125
LAU,BEN,9.257625,10.998375,11.6181875,12.2248125,13.8073125,15.3898125,25.26725,1.978125
LAU,CBR,10.8796875,14.9414375,16.9723125,19.0031875,20.968125,22.9330625,27.8651875,4.58925
LAU,CCT,9.257625,10.998375,11.6181875,12.2248125,13.8073125,15.3898125,26.295875,3.00675
LAU,NEW,10.8796875,14.9414375,16.9723125,19.0031875,20.968125,22.9330625,27.8651875,4.58925
LAU,SYD,9.257625,10.998375,11.6181875,12.2248125,13.8073125,15.3898125,26.295875,3.00675
LAU,WOL,9.257625,10.998375,11.6181875,12.2248125,13.8073125,15.3898125,26.295875,3.00675
LAU,BRI,10.8796875,14.9414375,16.9723125,19.0031875,20.968125,22.9330625,26.8893125,3.6001875
LAU,CFS,10.8796875,14.9414375,16.9723125,19.0031875,20.968125,22.9330625,27.8651875,4.58925
LAU,GLD,10.8796875,14.9414375,16.9723125,19.0031875,20.968125,22.9330625,26.8893125,3.6001875
LAU,NTH,10.8796875,14.9414375,16.9723125,19.0031875,20.968125,22.9330625,27.8651875,4.58925
LAU,OAG,10.8796875,14.9414375,16.9723125,19.0031875,20.968125,22.9330625,27.8651875,4.58925
LAU,PQQ,10.8796875,14.9414375,16.9723125,19.0031875,20.968125,22.9330625,27.8651875,4.58925
LAU,SUN,10.8796875,14.9414375,16.9723125,19.0031875,20.968125,22.9330625,28.827875,5.53875
LAU,TOO,10.8796875,14.9414375,16.9723125,19.0031875,20.968125,22.9330625,28.827875,5.53875
LAU,BDB,10.8796875,14.9414375,16.9723125,19.0031875,20.968125,22.9330625,28.827875,5.53875
LAU,CAP,10.8796875,14.9414375,16.9723125,19.0031875,20.968125,22.9330625,28.827875,5.53875
LAU,CNS,10.8796875,14.9414375,16.9723125,19.0031875,20.968125,22.9330625,28.827875,5.53875
LAU,MKY,10.8796875,14.9414375,16.9723125,19.0031875,20.968125,22.9330625,28.827875,5.53875
LAU,MYB,10.8796875,14.9414375,16.9723125,19.0031875,20.968125,22.9330625,28.827875,5.53875
LAU,PER,10.8796875,14.9414375,16.9723125,19.0031875,20.968125,22.9330625,28.827875,5.53875
LAU,TVL,10.8796875,14.9414375,16.9723125,19.0031875,20.968125,22.9330625,28.827875,5.53875
LAU,YNG,10.8796875,14.9414375,16.9723125,19.0031875,20.968125,22.9330625,27.8651875,4.58925
MEL,MEL,6.3625,7.1125,7.1125,7.1125,7.1125,7.1125,7.8625,0.225
MEL,SHT,6.9625,7.7125,7.7125,7.7125,7.7125,7.7125,8.45,0.225
MEL,GEE,8.3,8.45,8.45,8.7625,8.7625,9.2,13.4875,0.175
MEL,SYD,9.2,9.425,9.5875,9.7375,10.1,10.85,13.4875,0.75
MEL,ALB,9.75,12.9375,14.25,15.575,16.6625,17.7625,25.2375,1.3125
MEL,BEN,9.4375,12.9375,14.25,15.575,16.6625,17.7625,18.0125,0.6
MEL,ADL,9.2,9.425,9.5875,9.7375,10.1,10.85,13.4875,0.725
MEL,CBR,9.7375,11.375,11.375,11.975,11.975,12.875,16.475,1.225
MEL,CCT,9.7375,11.375,11.375,11.975,11.975,12.875,16.475,1.075
MEL,NEW,9.7375,11.375,11.375,11.975,11.975,12.875,16.475,1.0125
MEL,WOL,9.7375,11.375,11.375,11.975,11.975,12.875,16.475,0.925
MEL,BRI,9.2,9.7375,10.4875,11.225,11.975,12.725,22.4625,1.1125
MEL,GLD,9.9625,11.45,11.45,12.05,12.65,14.225,15.8,1.5
MEL,CFS,10.075,13.775,14.9375,16.1375,19.075,22.025,27.6125,2.7
MEL,YNG,9.75,11.45,13.2875,15.125,17.2875,19.475,23.95,2.125
MEL,DPO,9.5,9.8,11.5,13.1875,14.65,16.075,20.9625,2.1875
MEL,LAU,9.5,9.8,11.5,13.1875,14.65,16.075,20.9625,2.1875
MEL,TAS,9.5,9.8,11.5,13.1875,14.65,16.075,20.9625,2.2375
MEL,NTH,10.1,13.775,14.9375,16.1375,19.075,22.025,28.075,2.325
MEL,OAG,9.975,13.65,14.8,15.975,18.9,21.8,27.5,2.675
MEL,PQQ,10.1,13.775,14.9375,16.1375,19.075,22.025,28.1875,2.3
MEL,TOO,10.4875,14.2875,15.5,16.775,19.8375,22.9125,27.625,1.775
MEL,SUN,10.55,11.45,11.45,12.65,12.65,14.225,15.8,1.3375
MEL,BDB,10.725,14.75,16.1125,17.4625,20.6,23.7375,30.725,3.8375
MEL,MYB,10.5125,14.475,15.8125,17.15,20.225,23.2875,31.275,3.8375
MEL,CAP,10.5125,14.475,15.8125,17.15,20.225,23.2875,31.275,2.675
MEL,MKY,10.725,14.75,16.1125,17.4625,20.6,23.7375,31.5625,2.675
MEL,TVL,10.7625,14.475,15.8125,17.15,20.225,25.25,44.1,5.05
MEL,PER,10.6625,14.3375,16.4,17.7875,20.9875,26.2125,36.7375,5.05
MEL,CNS,10.925,14.7625,16.4,17.7875,20.9875,26.2125,42.6875,5.05
MKY,MKY,7.9875,10.9,11.725,12.5625,12.6375,12.6875,12.7875,0.1125
MKY,SHT,8.7875,11.9875,12.9,13.8125,13.875,13.95,14.075,0.125
MKY,CAP,8.75,11.8625,12.6375,13.375,14.2,15.0375,15.25,0.2125
MKY,TVL,8.75,11.8625,12.6375,13.375,14.2,15.0375,15.25,0.2125
MKY,BDB,9.3875,12.975,13.8125,14.6375,15.5375,16.4375,17.9375,1.4875
MKY,CNS,9.9,13.5375,14.7875,16.025,17.2,18.375,20.525,2.15
MKY,MYB,9.3875,12.975,13.8125,14.6375,15.5375,16.4375,17.9375,1.4875
MKY,BRI,9.9,13.5375,14.7875,16.025,17.2,18.375,20.525,2.15
MKY,GLD,12.1375,16.65,18.9125,21.1625,23.35,25.55,29.425,3.9
MKY,SUN,9.9,13.5375,14.7875,16.025,17.2,18.375,20.525,2.15
MKY,TOO,9.9,13.5375,14.7875,16.025,17.2,18.375,20.525,2.15
MKY,CCT,12.1375,16.65,18.9125,21.1625,23.35,25.55,30.4875,4.9625
MKY,CFS,12.1375,16.65,18.9125,21.1625,23.35,25.55,30.4875,4.9625
MKY,NEW,12.1375,16.65,18.9125,21.1625,23.35,25.55,30.4875,4.9625
MKY,NTH,12.1375,16.65,18.9125,21.1625,23.35,25.55,30.4875,4.9625
MKY,PQQ,12.1375,16.65,18.9125,21.1625,23.35,25.55,30.4875,4.9625
MKY,SYD,12.1375,16.65,18.9125,21.1625,23.35,25.55,30.4875,4.9625
MKY,WOL,12.1375,16.65,18.9125,21.1625,23.35,25.55,30.4875,4.9625
MKY,ALB,12.1375,16.65,18.9125,21.1625,23.35,25.55,30.4875,4.9625
MKY,BEN,12.1375,16.65,18.9125,21.1625,23.35,25.55,31.5125,5.9625
MKY,CBR,12.1375,16.65,18.9125,21.1625,23.35,25.55,30.4875,4.9625
MKY,OAG,12.1375,16.65,18.9125,21.1625,23.35,25.55,30.4875,4.9625
MKY,GEE,12.1375,16.65,18.9125,21.1625,23.35,25.55,30.4875,4.9625
MKY,MEL,12.1375,16.65,18.9125,21.1625,23.35,25.55,29.425,3.9
MKY,YNG,12.1375,16.65,18.9125,21.1625,23.35,25.55,31.5125,5.9625
MKY,DPO,12.1375,16.65,18.9125,21.1625,23.35,25.55,31.5125,5.9625
MKY,LAU,12.1375,16.65,18.9125,21.1625,23.35,25.55,31.5125,5.9625
MKY,TAS,12.1375,16.65,18.9125,21.1625,23.35,25.55,31.5125,5.9625
MKY,ADL,12.1375,16.65,18.9125,21.1625,23.35,25.55,31.5125,5.9625
MKY,PER,12.1375,16.65,18.9125,21.1625,23.35,25.55,31.5125,5.9625
MYB,MYB,7.9875,10.9,11.725,12.5625,12.6375,12.6875,12.6875,0.1125
MYB,SHT,8.7875,11.9875,12.9,13.8125,13.875,13.95,13.95,0.125
MYB,BDB,8.45,11.475,12.2,12.925,13.7375,14.5375,15.45,0.2
MYB,CAP,8.45,11.475,12.2,12.925,13.7375,14.5375,15.45,0.2
MYB,BRI,9.575,13.075,14.3,15.4875,16.625,17.7625,25.2625,2.075
MYB,SUN,9.575,13.075,14.3,15.4875,16.625,17.7625,25.2625,2.075
MYB,MKY,9.0875,12.55,13.3625,14.15,15.025,15.8875,16.3375,1.45
MYB,TVL,9.575,13.075,14.3,15.4875,16.625,17.7625,25.2625,2.075
MYB,GLD,9.575,13.075,14.3,15.4875,16.625,17.7625,25.2625,2.075
MYB,TOO,9.575,13.075,14.3,15.4875,16.625,17.7625,25.2625,3.125
MYB,CNS,9.575,13.075,14.3,15.4875,16.625,17.7625,25.2625,2.075
MYB,CFS,9.575,13.075,14.3,15.4875,16.625,17.7625,25.2625,3.125
MYB,NTH,9.575,13.075,14.3,15.4875,16.625,17.7625,25.2625,3.125
MYB,SYD,9.575,13.075,14.3,15.4875,16.625,17.7625,25.2625,3.125
MYB,CCT,9.575,13.075,14.3,15.4875,16.625,17.7625,25.2625,3.125
MYB,NEW,9.575,13.075,14.3,15.4875,16.625,17.7625,25.2625,3.125
MYB,OAG,11.725,16.1,18.275,20.4625,22.575,24.6875,25.2625,3.7625
MYB,PQQ,9.575,13.075,14.3,15.4875,16.625,17.7625,25.2625,3.125
MYB,CBR,9.575,13.075,14.3,15.4875,16.625,17.7625,25.2625,3.125
MYB,WOL,9.575,13.075,14.3,15.4875,16.625,17.7625,25.2625,3.125
MYB,MEL,11.725,16.1,18.275,20.4625,22.575,24.6875,25.2625,3.7625
MYB,YNG,11.725,16.1,18.275,20.4625,22.575,24.6875,25.2625,4.7875
MYB,ALB,11.725,16.1,18.275,20.4625,22.575,24.6875,25.2625,4.7875
MYB,ADL,11.725,16.1,18.275,20.4625,22.575,24.6875,25.2625,3.7625
MYB,GEE,11.725,16.1,18.275,20.4625,22.575,24.6875,25.2625,3.7625
MYB,BEN,11.725,16.1,18.275,20.4625,22.575,24.6875,25.2625,4.7875
MYB,DPO,11.725,16.1,18.275,20.4625,22.575,24.6875,25.2625,5.7625
MYB,LAU,11.725,16.1,18.275,20.4625,22.575,24.6875,25.2625,5.7625
MYB,TAS,11.725,16.1,18.275,20.4625,22.575,24.6875,25.2625,5.7625
MYB,PER,11.725,16.1,18.275,20.4625,22.575,24.6875,25.2625,5.7625
NEW,NEW,6.8934375,7.1621875,7.444375,7.713125,7.9953125,8.2640625,8.680625,0.2015625
NEW,SHT,8.680625,11.01875,12.5371875,14.055625,14.324375,14.6065625,15.076875,0.2015625
NEW,CCT,8.2909375,9.8496875,10.05125,10.26625,10.535,10.8171875,11.77125,0.349375
NEW,SYD,7.57875,8.680625,8.815,8.949375,9.164375,9.3659375,10.1184375,0.349375
NEW,ADL,9.3659375,11.153125,11.7846875,12.41625,14.001875,15.6009375,23.48875,1.101875
NEW,ALB,9.7153125,9.8496875,10.05125,10.26625,10.535,10.8171875,11.77125,0.7121875
NEW,BEN,9.3659375,11.153125,11.7846875,12.41625,14.001875,15.6009375,20.666875,1.263125
NEW,BRI,7.9953125,8.6134375,9.110625,9.6078125,10.2125,10.8171875,13.679375,0.9540625
NEW,CBR,8.895625,10.8171875,11.3546875,11.8921875,13.4375,14.99625,15.31875,1.1825
NEW,CFS,8.895625,10.8171875,11.3546875,11.8921875,13.4375,14.99625,15.31875,0.3896875
NEW,GEE,9.8496875,9.9840625,10.1990625,10.400625,10.776875,11.153125,12.73875,0.86
NEW,GLD,9.8496875,9.9840625,10.1990625,10.400625,10.776875,11.153125,12.73875,0.5240625
NEW,MEL,9.0971875,9.2315625,9.433125,9.648125,9.916875,10.1990625,11.153125,0.7121875
NEW,NTH,9.8496875,9.9840625,10.1990625,10.400625,10.776875,11.153125,12.73875,0.940625
NEW,OAG,8.895625,10.8171875,11.3546875,11.8921875,13.4375,14.99625,15.31875,1.7871875
NEW,PQQ,8.895625,10.8171875,11.3546875,11.8921875,13.4375,14.99625,15.31875,0.91375
NEW,SUN,9.8496875,9.9840625,10.1990625,10.400625,10.776875,11.153125,12.73875,0.6046875
NEW,TOO,9.3659375,11.153125,11.7846875,12.41625,14.001875,15.6009375,23.48875,0.9675
NEW,WOL,9.7153125,9.8496875,10.05125,10.26625,10.535,10.8171875,11.77125,0.3896875
NEW,YNG,11.2471875,13.115,15.7353125,18.355625,18.355625,18.355625,25.5715625,1.7065625
NEW,BDB,10.7634375,13.4778125,17.25375,21.0296875,23.1796875,25.31625,25.37,2.284375
NEW,CAP,10.7634375,13.4778125,15.6009375,17.710625,19.5246875,21.311875,26.794375,2.284375
NEW,CNS,10.7634375,13.4778125,15.6009375,17.710625,19.5246875,21.311875,28.8771875,3.5609375
NEW,DPO,10.7634375,13.4778125,15.6009375,17.710625,19.5246875,21.311875,27.14375,3.5609375
NEW,LAU,10.7634375,13.4778125,15.6009375,17.710625,19.5246875,21.311875,27.14375,3.5609375
NEW,MKY,10.7634375,14.0959375,15.91,17.710625,19.5246875,21.311875,26.794375,2.84875
NEW,MYB,10.7634375,16.7565625,18.893125,21.0296875,23.1796875,25.31625,25.37,2.84875
NEW,PER,10.7634375,14.0959375,14.0959375,14.0959375,14.0959375,14.0959375,14.0959375,5.7109375
NEW,TAS,10.3334375,14.0959375,15.91,17.710625,19.5246875,21.311875,27.14375,3.5609375
NEW,TVL,11.61,13.4778125,16.850625,20.236875,22.2928125,24.34875,31.0675,3.5609375
NTH,NTH,7.3875,9.2,9.575,9.95,10.1,10.2625,10.2625,0.075
NTH,SHT,8.125,10.1375,10.5375,10.9375,11.1125,11.2875,11.2875,0.1
NTH,ALB,9.275,11.05,11.675,12.3,13.8625,15.45,23.2625,2
NTH,MEL,9.275,11.05,11.675,12.3,13.8625,15.45,23.2625,2
NTH,SYD,8.8125,10.7125,11.2375,11.775,13.3125,14.85,15.175,0.825
NTH,CCT,8.8125,10.7125,11.2375,11.775,13.3125,14.85,15.175,0.825
NTH,NEW,8.8125,10.7125,11.2375,11.775,13.3125,14.85,15.175,0.825
NTH,WOL,8.8125,10.7125,11.2375,11.775,13.3125,14.85,15.175,0.825
NTH,YNG,9.275,11.05,11.675,12.3,13.8625,15.45,23.2625,2
NTH,ADL,9.275,11.05,11.675,12.3,13.8625,15.45,23.2625,2
NTH,BEN,9.275,11.05,11.675,12.3,13.8625,15.45,23.2625,2
NTH,BRI,9.275,11.05,11.675,12.3,13.8625,15.45,23.2625,2
NTH,CFS,8.2375,9.4875,9.9125,10.3375,11.675,13,15.175,0.1875
NTH,GEE,9.275,11.05,11.675,12.3,13.8625,15.45,23.2625,2
NTH,GLD,8.2375,9.4875,9.9125,10.3375,11.675,13,15.175,0.1875
NTH,OAG,9.275,11.05,11.675,12.3,13.8625,15.45,23.2625,2
NTH,PQQ,8.8125,10.7125,11.2375,11.775,13.3125,14.85,15.175,0.825
NTH,SUN,9.275,11.05,11.675,12.3,13.8625,15.45,23.2625,3.0625
NTH,CBR,8.8125,10.7125,11.2375,11.775,13.3125,14.85,15.175,0.825
NTH,TOO,9.275,11.05,11.675,12.3,13.8625,15.45,23.2625,3.0625
NTH,BDB,9.275,11.05,11.675,12.3,13.8625,15.45,23.2625,3.0625
NTH,CAP,11.175,15.35,17.45,19.575,21.6,23.6,23.2625,3.65
NTH,MYB,9.275,11.05,11.675,12.3,13.8625,15.45,23.2625,3.0625
NTH,CNS,11.175,15.35,17.45,19.575,21.6,23.6,23.2625,4.675
NTH,DPO,11.175,15.35,17.45,19.575,21.6,23.6,23.2625,4.675
NTH,LAU,11.175,15.35,17.45,19.575,21.6,23.6,23.2625,4.675
NTH,MKY,11.175,15.35,17.45,19.575,21.6,23.6,23.2625,3.65
NTH,PER,11.175,15.35,17.45,19.575,21.6,23.6,23.2625,5.6125
NTH,TAS,11.175,15.35,17.45,19.575,21.6,23.6,23.2625,4.675
NTH,TVL,11.175,15.35,17.45,19.575,21.6,23.6,23.2625,4.675
OAG,OAG,6.5625,8.175,8.4875,8.8125,8.9625,9.1125,9.1125,0.0625
OAG,SHT,7.2,8.9875,9.3375,9.7,9.8625,10.0125,10.0125,0.075
OAG,SYD,6.8875,7.95,8.3,8.65,9.7875,10.8875,12.7,0.1625
OAG,ALB,8.225,9.8,10.35,10.9,12.3,13.7125,20.625,1.775
OAG,BRI,8.225,9.8,10.35,10.9,12.3,13.7125,20.625,1.775
OAG,CBR,7.8125,9.5,9.975,10.4375,11.8,13.175,13.45,0.725
OAG,CCT,7.8125,9.5,9.975,10.4375,11.8,13.175,13.45,0.725
OAG,CFS,7.8125,9.5,9.975,10.4375,11.8,13.175,13.45,0.725
OAG,MEL,7.7625,9.2625,9.7875,10.2875,11.6125,12.9375,19.475,1.675
OAG,NEW,7.8125,9.5,9.975,10.4375,11.8,13.175,13.45,0.725
OAG,WOL,7.8125,9.5,9.975,10.4375,11.8,13.175,13.45,0.725
OAG,ADL,8.225,9.8,10.35,10.9,12.3,13.7125,20.625,1.775
OAG,BEN,8.225,9.8,10.35,10.9,12.3,13.7125,20.625,1.775
OAG,GEE,8.225,9.8,10.35,10.9,12.3,13.7125,20.625,1.775
OAG,GLD,8.225,9.8,10.35,10.9,12.3,13.7125,20.625,1.775
OAG,NTH,8.225,9.8,10.35,10.9,12.3,13.7125,20.625,1.775
OAG,PQQ,8.225,9.8,10.35,10.9,12.3,13.7125,20.625,1.775
OAG,SUN,8.225,9.8,10.35,10.9,12.3,13.7125,20.625,2.725
OAG,TOO,8.225,9.8,10.35,10.9,12.3,13.7125,20.625,2.725
OAG,BDB,8.225,9.8,10.35,10.9,12.3,13.7125,20.625,2.725
OAG,CAP,9.9125,13.6125,15.475,17.3625,19.15,20.925,20.625,3.2375
OAG,DPO,9.9125,13.6125,15.475,17.3625,19.15,20.925,20.625,4.15
OAG,LAU,9.9125,13.6125,15.475,17.3625,19.15,20.925,20.625,4.15
OAG,MYB,8.225,9.8,10.35,10.9,12.3,13.7125,20.625,2.725
OAG,TAS,9.9125,13.6125,15.475,17.3625,19.15,20.925,20.625,4.15
OAG,YNG,7.8125,9.5,9.975,10.4375,11.8,13.175,13.45,0.725
OAG,CNS,9.9125,13.6125,15.475,17.3625,19.15,20.925,20.625,4.15
OAG,MKY,9.9125,13.6125,15.475,17.3625,19.15,20.925,20.625,3.2375
OAG,PER,9.9125,13.6125,15.475,17.3625,19.15,20.925,20.625,4.9875
OAG,TVL,9.9125,13.6125,15.475,17.3625,19.15,20.925,20.625,4.15
PER,PER,5.8625,6.2125,6.2125,6.2125,6.2125,6.2125,7.0625,0.2
PER,SHT,8.2125,8.7125,8.7125,8.7125,8.7125,9.95,11.2875,0.275
PER,ADL,8.8,9.1,9.9,10.7125,11.6625,12.6,25.1625,1.775
PER,MEL,9.8875,10.025,10.5125,10.975,12.2,12.95,15.2125,1.0375
PER,CBR,11.525,11.6625,12.75,12.75,14.2625,16.3625,17.6625,2.175
PER,CCT,11.525,11.6625,12.75,12.75,14.2625,14.2625,17.6625,1.5875
PER,NEW,11.525,11.6625,12.2,12.75,13.5,14.2625,17.6625,1.75
PER,SYD,9.8875,10.025,10.975,10.975,12.2,14.2625,15.2125,1.475
PER,WOL,11.525,11.6625,12.75,12.75,14.2625,14.2625,17.6625,1.5
PER,ALB,11.525,11.6625,12.2,12.75,13.5,14.2625,17.6625,1.225
PER,BEN,11.525,11.6625,12.2,12.75,13.5,14.2625,17.6625,1.6375
PER,GEE,11.525,11.6625,12.2,12.75,13.5,14.2625,17.6625,1.225
PER,BRI,11.725,11.8625,14.325,14.325,17.7375,17.7375,21.825,2.35
PER,CFS,11.725,11.8625,14.325,14.325,17.7375,17.7375,21.825,2.15
PER,GLD,11.725,11.8625,14.325,14.325,17.7375,17.7375,21.825,2.5375
PER,NTH,11.725,11.8625,15.0125,17.7375,19.1,20.4625,22.5125,2.8625
PER,PQQ,11.725,11.8625,15.0125,17.7375,19.1,20.4625,22.5125,2.9375
PER,OAG,11.725,11.8625,15.0125,17.7375,19.1,20.4625,22.5125,3.3
PER,SUN,11.725,11.8625,14.325,14.325,17.7375,17.7375,21.825,2.5625
PER,YNG,10.1875,12.75,14.875,17,21.9,25.2,26.7625,1.725
PER,DPO,10.1875,12.75,14.875,17,21.9,25.2,27.4,2.975
PER,LAU,10.1875,12.75,14.875,17,21.9,25.2,27.4375,2.9375
PER,TAS,10.1875,12.75,14.875,17,21.9,25.2,27.4,3
PER,TOO,10.55,13.3875,16.1625,18.9375,23.7625,27.8125,29.525,3.025
PER,BDB,10.55,13.3875,16.1625,18.9375,23.7625,27.8125,30.4125,4.3625
PER,CAP,10.55,13.0625,15.4125,17.775,22.2,25.4875,28.1625,4.425
PER,MYB,10.55,13.3875,16.1625,18.9375,23.7625,27.8125,30.3375,3.2
PER,MKY,10.55,13.3875,16.1625,18.9375,23.7625,27.8125,30.6875,4.0375
PER,TVL,10.8875,13.8375,18.125,22.4125,27.4375,32.45,35.125,4.3125
PER,CNS,10.8875,13.8375,18.125,22.4125,27.4375,32.45,35.125,4.9375
PQQ,PQQ,7.9875,10.9,11.725,12.5625,12.6375,12.6875,12.6875,0.1125
PQQ,SHT,8.7875,11.9875,12.9,13.8125,13.875,13.95,14.325,0.125
PQQ,CFS,8.45,11.475,12.2,12.925,13.7375,14.5375,15.6875,0.2
PQQ,NEW,9.0875,12.55,13.3625,14.15,15.025,15.8875,20.4625,1.7125
PQQ,ALB,9.575,13.075,14.3,15.4875,16.625,17.7625,23.1875,2.075
PQQ,BRI,9.575,13.075,14.3,15.4875,16.625,17.7625,19.1,0.4
PQQ,CBR,9.0875,12.55,13.3625,14.15,15.025,15.8875,20.4625,1.4375
PQQ,CCT,9.0875,12.55,13.3625,14.15,15.025,15.8875,20.4625,1.7125
PQQ,GLD,9.575,13.075,14.3,15.4875,16.625,17.7625,20.4625,1.025
PQQ,NTH,9.0875,12.55,13.3625,14.15,15.025,15.8875,20.4625,1.375
PQQ,SUN,9.575,13.075,14.3,15.4875,16.625,17.7625,23.1875,2.0375
PQQ,SYD,9.0875,12.55,13.3625,14.15,15.025,15.8875,16.3625,0.4875
PQQ,TOO,9.575,13.075,14.3,15.4875,16.625,17.7625,25.925,1.375
PQQ,WOL,9.0875,12.55,13.3625,14.15,15.025,15.8875,20.4625,1.375
PQQ,BDB,9.575,13.075,14.3,15.4875,16.625,17.7625,25.925,4.1
PQQ,BEN,9.575,13.075,14.3,15.4875,16.625,17.7625,25.925,1.5
PQQ,CAP,11.725,16.1,18.275,20.4625,22.575,24.6875,25.925,2.725
PQQ,GEE,9.575,13.075,14.3,15.4875,16.625,17.7625,25.925,1.6375
PQQ,MEL,9.575,13.075,14.3,15.4875,16.625,17.7625,25.925,1.375
PQQ,MKY,11.725,16.1,18.275,20.4625,22.575,24.6875,25.925,3.4125
PQQ,MYB,9.575,13.075,14.3,15.4875,16.625,17.7625,25.925,3.4125
PQQ,OAG,9.575,13.075,14.3,15.4875,16.625,17.7625,25.925,3.4125
PQQ,YNG,9.0875,12.55,13.3625,14.15,15.025,15.8875,25.925,3.4125
PQQ,ADL,9.575,13.075,14.3,15.4875,16.625,17.7625,25.925,3.4125
PQQ,CNS,11.725,16.1,18.275,20.4625,22.575,24.6875,28.65,5.45
PQQ,DPO,11.725,16.1,18.275,20.4625,22.575,24.6875,28.65,5.45
PQQ,LAU,11.725,16.1,18.275,20.4625,22.575,24.6875,28.65,5.45
PQQ,TAS,11.725,16.1,18.275,20.4625,22.575,24.6875,28.65,5.45
PQQ,TVL,11.725,16.1,18.275,20.4625,22.575,24.6875,28.65,5.45
PQQ,PER,11.725,16.1,18.275,20.4625,22.575,24.6875,43.65,6.825
SUN,SUN,12.1,12.1,12.1,12.1,12.1,12.1,12.2375,0.2
SUN,SHT,12.35,13.875,17.2125,17.2125,17.2125,17.2125,17.3625,0.2
SUN,BRI,12.3625,13.975,17.45,17.45,17.45,17.45,17.6375,0.2
SUN,GLD,12.3625,13.975,17.45,17.45,17.45,17.45,17.775,0.3375
SUN,TOO,12.3625,13.975,20.4375,20.4375,21.6375,21.6375,22.325,0.825
SUN,BDB,12.3625,13.975,20.4375,20.4375,21.6375,21.6375,23.0875,1.8
SUN,CAP,12.3625,13.975,20.4375,20.4375,21.6375,21.6375,23.0875,2.0125
SUN,CCT,12.3625,13.975,20.4375,20.4375,21.6375,21.6375,23.3,2.575
SUN,CFS,12.3625,13.975,20.4375,20.4375,21.6375,21.6375,23.3,0.95
SUN,MYB,12.3625,13.975,20.4375,20.4375,21.6375,21.6375,23.0875,1.8
SUN,NEW,12.3625,13.975,20.4375,20.4375,21.6375,21.6375,23.3,2.0375
SUN,NTH,12.3625,13.975,20.4375,20.4375,21.6375,21.6375,23.3,1.6375
SUN,PQQ,12.3625,13.975,20.4375,20.4375,21.6375,21.6375,23.3,1.6375
SUN,SYD,12.3625,13.975,20.4375,20.4375,21.6375,21.6375,23.3,1.225
SUN,WOL,12.3625,13.975,20.4375,20.4375,21.6375,21.6375,23.3,1.225
SUN,ALB,12.3625,13.975,20.4375,20.4375,23.95,23.95,26.5,1.6375
SUN,BEN,12.3625,13.975,20.4375,20.4375,23.95,23.95,36.2625,2.175
SUN,CBR,12.3625,13.975,20.4375,20.4375,23.95,23.95,26.5375,1.9125
SUN,GEE,12.3625,13.975,20.4375,20.4375,23.95,23.95,26.5,1.6375
SUN,MEL,12.3625,13.975,20.4375,20.4375,23.95,23.95,26.35,1.375
SUN,MKY,12.3625,13.975,20.4375,20.4375,23.95,23.95,26.75,2.0125
SUN,OAG,12.3625,13.975,20.4375,20.4375,23.95,23.95,36.1375,2.725
SUN,TVL,12.3625,13.975,20.4375,20.4375,23.95,23.95,36.525,2.4625
SUN,ADL,12.3625,13.975,20.4375,20.4375,23.95,23.95,35.9625,2.175
SUN,CNS,12.3625,13.975,20.4375,20.4375,23.95,23.95,36.525,3.125
SUN,YNG,12.3625,13.975,20.4375,20.4375,23.95,23.95,36.375,2.4625
SUN,DPO,12.3625,13.975,20.4375,20.4375,23.95,23.95,46.2625,3.6875
SUN,LAU,12.3625,13.975,20.4375,20.4375,23.95,23.95,46.2625,3.6875
SUN,PER,12.3625,13.975,20.4375,20.4375,23.95,23.95,61.5875,5.725
SUN,TAS,12.3625,13.975,20.4375,20.4375,23.95,23.95,46.2625,3.6875
SYD,SYD,5.7875,6.475,6.475,6.475,6.475,6.475,7.1625,0.2
SYD,SHT,10.3125,10.9625,11.1625,11.3625,11.575,11.775,11.975,0.2
SYD,CCT,8.1875,9.2,9.3375,9.475,9.6875,9.8875,10.025,0.3375
SYD,NEW,8.1875,9.2,9.3375,9.475,9.6875,9.8875,10.025,0.3375
SYD,WOL,8.1875,9.2,9.3375,9.475,9.6875,9.8875,10.025,0.3375
SYD,CBR,8.1875,9.2,9.7125,10.225,10.575,10.9125,11.6,0.95
SYD,BRI,8.1875,8.875,9.55,10.225,10.575,10.9125,11.6,0.95
SYD,MEL,8.1875,8.5875,8.7375,8.875,9.075,9.275,10.0875,0.95
SYD,OAG,9.2,9.55,10.225,10.9125,12.2875,13.6375,17.7375,1.375
SYD,GLD,9.075,9.2,9.7125,10.225,10.575,10.9125,11.6,1.375
SYD,CFS,9.2,9.55,10.225,10.9125,12.2875,13.6375,17.7375,1.025
SYD,NTH,9.2,9.55,10.225,10.9125,12.2875,13.6375,17.7375,1.575
SYD,PQQ,9.2,9.55,10.225,10.9125,12.2875,13.6375,17.7375,1.7125
SYD,YNG,9.2,9.55,10.225,10.9125,12.2875,13.6375,17.7375,1.575
SYD,GEE,9.2,9.3375,9.475,9.625,9.9125,10.225,11.6625,1.225
SYD,ADL,9.2,9.3375,9.475,9.625,9.9125,10.225,11.6625,0.75
SYD,ALB,9.075,9.2,9.3375,9.475,9.6875,9.8875,11.6625,0.475
SYD,SUN,8.45,9.2,10.0625,10.9125,11.6,12.2875,16.3625,1.1125
SYD,TOO,8.45,9.2,10.0625,10.9125,11.6,12.2875,16.3625,1.475
SYD,BEN,8.45,9.2,10.0625,10.9125,11.6,12.2875,16.3625,1.0375
SYD,BDB,10.7125,13.4375,14.6625,15.8875,17.5,19.1,24.55,2.8625
SYD,DPO,8.875,11.1125,12.4375,13.775,15.75,17.7375,25.6375,2.375
SYD,LAU,8.875,11.1125,12.4375,13.775,15.75,17.7375,25.6375,2.375
SYD,MYB,10.375,14.125,15.925,17.7375,19.5375,21.3375,24.55,1.6125
SYD,TAS,8.875,11.1125,12.4375,13.775,15.75,17.7375,25.6375,2.4
SYD,CAP,10.375,13.4375,14.6625,15.8875,17.5,19.1,24.55,2.8875
SYD,MKY,10.375,14.125,15.925,17.7375,19.425,21.1375,24.55,2.4
SYD,TVL,10.375,14.125,15.925,17.7375,19.425,21.1375,24.55,2.7875
SYD,CNS,10.375,14.125,15.925,17.7375,19.425,21.1375,24.55,3.25
SYD,PER,10.3125,13.0875,14.725,16.3625,19.4,22.4375,28.65,4.2625
TAS,TAS,9.3,9.3,9.3,9.3,9.3,9.3,9.375,0.075
TAS,DPO,9.3,9.3,9.4875,9.675,9.9125,10.1625,10.1625,0.375
TAS,LAU,9.3,9.3,9.4875,9.675,9.9125,10.1625,10.1625,0.375
TAS,GEE,10.0875,11.4125,12.2125,13.025,13.975,14.9375,15.6125,0.6875
TAS,MEL,10.0875,10.625,11.5625,12.4875,13.1,13.725,14.2125,0.5
TAS,SYD,10.0875,11.8875,12.975,14.0875,15.1125,16.1375,18.375,1.7375
TAS,ADL,10.0875,11.8875,12.975,14.0875,15.1125,16.1375,18.375,1.7375
TAS,ALB,10.0875,11.8875,12.975,14.0875,15.1125,16.1375,18.375,1.7375
TAS,BEN,10.0875,11.4125,12.2125,13.025,13.975,14.9375,15.6125,0.6875
TAS,CBR,10.0875,11.8875,12.975,14.0875,15.1125,16.1375,18.375,1.7375
TAS,CCT,10.0875,11.8875,12.975,14.0875,15.1125,16.1375,18.375,1.7375
TAS,NEW,10.0875,11.8875,12.975,14.0875,15.1125,16.1375,18.375,1.7375
TAS,WOL,10.0875,11.8875,12.975,14.0875,15.1125,16.1375,18.375,1.7375
TAS,BRI,11.2125,14.6375,16.6125,18.6,20.525,22.4375,26.375,3.425
TAS,CFS,11.2125,14.6375,16.6125,18.6,20.525,22.4375,27.3,4.35
TAS,GLD,11.2125,14.6375,16.6125,18.6,20.525,22.4375,26.375,3.425
TAS,NTH,11.2125,14.6375,16.6125,18.6,20.525,22.4375,26.375,3.425
TAS,OAG,11.2125,14.6375,16.6125,18.6,20.525,22.4375,27.3,4.35
TAS,PQQ,11.2125,14.6375,16.6125,18.6,20.525,22.4375,26.375,3.425
TAS,SUN,11.2125,14.6375,16.6125,18.6,20.525,22.4375,26.375,3.425
TAS,TOO,11.2125,14.6375,16.6125,18.6,20.525,22.4375,27.3,4.35
TAS,BDB,11.2125,15.875,18.4875,21.1125,23.725,26.35,31.5875,5.2375
TAS,CAP,11.2125,15.875,18.4875,21.1125,23.725,26.35,31.5875,5.2375
TAS,MYB,11.2125,15.875,18.4875,21.1125,23.725,26.35,31.5875,5.2375
TAS,TVL,11.2125,15.875,18.4875,21.1125,23.725,26.35,31.5875,5.2375
TAS,YNG,11.2125,14.6375,16.6125,18.6,20.525,22.4375,27.3,4.35
TAS,CNS,11.2125,15.875,18.4875,21.1125,23.725,26.35,31.5875,5.2375
TAS,MKY,11.2125,15.875,18.4875,21.1125,23.725,26.35,31.5875,5.2375
TAS,PER,11.2125,15.875,18.4875,21.1125,23.725,26.35,31.5875,5.2375
TOO,TOO,7.5,7.6375,7.775,7.9125,8.1125,8.3125,8.45,0.1375
TOO,SHT,8.875,9,9.1375,9.275,9.475,9.6875,9.825,0.1375
TOO,BRI,7.6375,7.775,8.05,8.05,8.45,8.45,8.5875,0.4
TOO,GLD,8.65,8.925,10.4875,12.0125,13.3375,14.65,14.8625,0.725
TOO,SUN,8.65,8.925,10.4875,12.0125,13.3375,14.65,14.8625,0.725
TOO,BDB,9.575,13.075,14.3,15.4875,16.625,17.7625,25.2625,2.075
TOO,CAP,9.575,13.075,14.3,15.4875,16.625,17.7625,25.2625,2.075
TOO,CCT,9.575,13.075,14.3,15.4875,16.625,17.7625,25.2625,2.075
TOO,CFS,9.575,13.075,14.3,15.4875,16.625,17.7625,25.2625,3.125
TOO,MKY,9.575,13.075,14.3,15.4875,16.625,17.7625,25.2625,2.075
TOO,MYB,9.575,13.075,14.3,15.4875,16.625,17.7625,25.2625,2.075
TOO,NEW,9.575,13.075,14.3,15.4875,16.625,17.7625,25.2625,3.125
TOO,NTH,9.575,13.075,14.3,15.4875,16.625,17.7625,25.2625,3.125
TOO,PQQ,9.575,13.075,14.3,15.4875,16.625,17.7625,25.2625,3.125
TOO,SYD,9.15,10.9,11.5125,12.1125,13.675,15.2375,23.05,1.9625
TOO,WOL,9.575,13.075,14.3,15.4875,16.625,17.7625,25.2625,2.075
TOO,ALB,11.725,16.1,18.275,20.4625,22.575,24.6875,25.2625,4.7875
TOO,BEN,11.725,16.1,18.275,20.4625,22.575,24.6875,25.2625,4.7875
TOO,CBR,9.575,13.075,14.3,15.4875,16.625,17.7625,25.2625,3.125
TOO,GEE,11.725,16.1,18.275,20.4625,22.575,24.6875,25.2625,3.7625
TOO,MEL,10.775,14.8,16.8125,18.825,20.775,22.7125,23.05,3.575
TOO,OAG,9.575,13.075,14.3,15.4875,16.625,17.7625,25.2625,3.125
TOO,ADL,11.725,16.1,18.275,20.4625,22.575,24.6875,25.2625,3.7625
TOO,CNS,9.575,13.075,14.3,15.4875,16.625,17.7625,25.2625,3.125
TOO,TVL,9.575,13.075,14.3,15.4875,16.625,17.7625,25.2625,2.075
TOO,YNG,9.575,13.075,14.3,15.4875,16.625,17.7625,25.2625,3.125
TOO,DPO,11.725,16.1,18.275,20.4625,22.575,24.6875,25.2625,5.7625
TOO,LAU,11.725,16.1,18.275,20.4625,22.575,24.6875,25.2625,5.7625
TOO,TAS,11.725,16.1,18.275,20.4625,22.575,24.6875,25.2625,5.7625
TOO,PER,11.725,16.1,18.275,20.4625,23.1875,27.275,34.1,6.825
TVL,TVL,6.9875,9.3525,9.7153125,10.0915625,10.26625,10.4409375,10.48125,0.1075
TVL,CAP,9.433125,11.206875,11.8384375,12.4565625,14.0690625,15.6815625,25.74625,2.1096875
TVL,MKY,8.4521875,9.62125,10.0646875,10.4946875,11.8653125,13.2359375,14.13625,0.215
TVL,CNS,8.4521875,9.62125,10.0646875,10.4946875,11.8653125,13.2359375,14.13625,0.215
TVL,BDB,9.433125,11.206875,11.8384375,12.4565625,14.0690625,15.6815625,25.74625,2.1096875
TVL,MYB,9.433125,11.206875,11.8384375,12.4565625,14.0690625,15.6815625,25.74625,2.1096875
TVL,BRI,9.433125,11.206875,11.8384375,12.4565625,14.0690625,15.6815625,25.74625,3.198125
TVL,GLD,9.433125,11.206875,11.8384375,12.4565625,14.0690625,15.6815625,25.74625,3.198125
TVL,SUN,9.433125,11.206875,11.8384375,12.4565625,14.0690625,15.6815625,25.74625,3.198125
TVL,TOO,9.433125,11.206875,11.8384375,12.4565625,14.0690625,15.6815625,25.74625,3.843125
TVL,NTH,11.0859375,15.2246875,17.2940625,19.3634375,21.365625,23.3678125,28.3934375,4.8778125
TVL,CFS,11.0859375,15.2246875,17.2940625,19.3634375,21.365625,23.3678125,28.3934375,4.8778125
TVL,SYD,11.0859375,15.2246875,17.2940625,19.3634375,21.365625,23.3678125,27.3990625,4.8778125
TVL,CBR,11.0859375,15.2246875,17.2940625,19.3634375,21.365625,23.3678125,28.3934375,4.8778125
TVL,CCT,11.0859375,15.2246875,17.2940625,19.3634375,21.365625,23.3678125,27.3990625,4.8778125
TVL,MEL,11.0859375,15.2246875,17.2940625,19.3634375,21.365625,23.3678125,28.3934375,4.8778125
TVL,NEW,11.0859375,15.2246875,17.2940625,19.3634375,21.365625,23.3678125,28.3934375,4.8778125
TVL,OAG,11.0859375,15.2246875,17.2940625,19.3634375,21.365625,23.3678125,28.3934375,4.8778125
TVL,PQQ,11.0859375,15.2246875,17.2940625,19.3634375,21.365625,23.3678125,28.3934375,4.8778125
TVL,WOL,11.0859375,15.2246875,17.2940625,19.3634375,21.365625,23.3678125,27.3990625,4.8778125
TVL,YNG,11.0859375,15.2246875,17.2940625,19.3634375,21.365625,23.3678125,28.3934375,5.885625
TVL,ALB,11.0859375,15.2246875,17.2940625,19.3634375,21.365625,23.3678125,29.374375,5.885625
TVL,GEE,11.0859375,15.2246875,17.2940625,19.3634375,21.365625,23.3678125,28.3934375,4.8778125
TVL,ADL,11.0859375,15.2246875,17.2940625,19.3634375,21.365625,23.3678125,29.374375,5.885625
TVL,BEN,11.0859375,15.2246875,17.2940625,19.3634375,21.365625,23.3678125,29.374375,5.885625
TVL,DPO,11.0859375,15.2246875,17.2940625,19.3634375,21.365625,23.3678125,29.374375,5.885625
TVL,LAU,11.0859375,15.2246875,17.2940625,19.3634375,21.365625,23.3678125,29.374375,5.885625
TVL,TAS,11.0859375,15.2246875,17.2940625,19.3634375,21.365625,23.3678125,29.374375,5.885625
TVL,PER,11.0859375,15.2246875,17.2940625,19.3634375,21.365625,23.3678125,29.374375,5.885625
WOL,WOL,7.025,7.15,7.2875,7.4,7.5875,7.8,7.9125,0.1375
WOL,SHT,7.025,7.15,7.2875,7.4,7.5875,7.8,7.9125,0.1375
WOL,CCT,9,9.125,9.325,9.5125,9.775,10.025,10.9125,0.575
WOL,NEW,9,9.125,9.325,9.5125,9.775,10.025,10.9125,0.575
WOL,SYD,8.4875,8.6125,8.75,8.875,9.075,9.2625,9.375,0.325
WOL,ALB,8.8125,8.9375,9.125,9.325,9.575,9.8375,11.4875,1.025
WOL,BRI,9.0875,10.45,10.5125,10.575,11.5,12.425,17.775,1.125
WOL,CBR,9.0875,10.45,10.5125,10.575,11.5,12.425,18.5625,0.6125
WOL,CFS,9.0875,10.45,10.5125,10.575,11.5,12.425,17.75,1.6375
WOL,GLD,9.0875,10.45,10.5125,10.575,11.5,12.425,17.875,1.15
WOL,MEL,9.0875,10.45,10.5125,10.575,11.5,12.425,18.7,1.275
WOL,NTH,9.0875,10.45,10.5125,10.575,11.5,12.425,18.225,1.6375
WOL,PQQ,9.0875,10.45,10.5125,10.575,11.5,12.425,18.2375,1.6375
WOL,ADL,9.575,11.875,14.15,16.4125,18.0875,19.75,21.0375,1.025
WOL,BDB,11.35,11.875,14.2,16.525,18.2375,19.925,22.1625,2.9375
WOL,BEN,9.575,11.875,14.15,16.4125,18.0875,19.75,21.1375,1.15
WOL,CAP,9.575,11.875,14.15,16.4125,18.0875,19.75,22.1625,3
WOL,DPO,9.575,11.875,14.15,16.4125,18.0875,19.75,22.3625,2.4375
WOL,GEE,9.125,9.2625,9.45,9.6375,9.9875,10.35,11.8125,0.4375
WOL,LAU,9.575,11.875,14.15,16.4125,18.0875,19.75,22.3125,2.4375
WOL,MYB,11.35,11.875,14.2,16.525,18.2375,19.925,22.175,0.9
WOL,OAG,9.575,10.45,12.95,15.4625,16.6125,17.7625,22.1375,0.7625
WOL,SUN,9.575,11.875,14.15,16.4125,18.0875,19.75,21.0875,1.275
WOL,TAS,9.575,11.875,14.15,16.4125,18.0875,19.75,22.375,2.4375
WOL,TOO,9.575,11.875,14.15,16.4125,18.0875,19.75,21.3875,1.6625
WOL,YNG,11.35,11.875,14.2,16.525,18.2375,19.925,21.2625,1.475
WOL,CNS,13.325,13.65,16.3375,19.0375,20.95,22.8625,28.3,4.4625
WOL,MKY,9.575,11.95,14.175,16.4125,18.0875,19.75,24.4125,4.0375
WOL,TVL,13.325,13.65,16.3375,19.0375,20.95,22.8625,28.15,4.4625
WOL,PER,13.4875,13.8125,16.5375,19.2875,21.1875,25.025,39.4625,4.1375
YNG,YNG,7.3875,9.2,9.575,9.95,10.1,10.2625,10.2625,0.075
YNG,SHT,9.6125,11.9875,12.4375,12.925,13.1375,13.3625,13.3625,0.1125
YNG,ALB,10.9625,13.0625,13.8,14.525,16.4,18.275,27.4875,2.3625
YNG,CBR,10.4125,12.6625,13.2875,13.925,15.7375,17.5625,17.925,0.9625
YNG,CCT,10.4125,12.6625,13.2875,13.925,15.7375,17.5625,17.925,0.9625
YNG,NEW,10.4125,12.6625,13.2875,13.925,15.7375,17.5625,17.925,0.9625
YNG,SYD,10.4125,12.6625,13.2875,13.925,15.7375,17.5625,17.925,0.9625
YNG,WOL,10.4125,12.6625,13.2875,13.925,15.7375,17.5625,17.925,0.9625
YNG,BEN,10.9625,13.0625,13.8,14.525,16.4,18.275,27.4875,2.3625
YNG,GEE,10.9625,13.0625,13.8,14.525,16.4,18.275,27.4875,2.3625
YNG,MEL,10.9625,13.0625,13.8,14.525,16.4,18.275,27.4875,2.3625
YNG,OAG,10.4125,12.6625,13.2875,13.925,15.7375,17.5625,17.925,0.9625
YNG,ADL,13.225,18.1375,20.6375,23.1375,25.5375,27.9,27.4875,4.325
YNG,BRI,10.9625,13.0625,13.8,14.525,16.4,18.275,27.4875,2.3625
YNG,CFS,10.4125,12.6625,13.2875,13.925,15.7375,17.5625,17.925,0.9625
YNG,DPO,13.225,18.1375,20.6375,23.1375,25.5375,27.9,27.4875,5.5375
YNG,GLD,10.9625,13.0625,13.8,14.525,16.4,18.275,27.4875,2.3625
YNG,LAU,13.225,18.1375,20.6375,23.1375,25.5375,27.9,27.4875,5.5375
YNG,NTH,10.9625,13.0625,13.8,14.525,16.4,18.275,27.4875,2.3625
YNG,PQQ,10.9625,13.0625,13.8,14.525,16.4,18.275,27.4875,2.3625
YNG,SUN,10.9625,13.0625,13.8,14.525,16.4,18.275,27.4875,3.625
YNG,TAS,13.225,18.1375,20.6375,23.1375,25.5375,27.9,27.4875,5.5375
YNG,BDB,10.9625,13.0625,13.8,14.525,16.4,18.275,27.4875,3.625
YNG,CAP,13.225,18.1375,20.6375,23.1375,25.5375,27.9,27.4875,4.325
YNG,MKY,13.225,18.1375,20.6375,23.1375,25.5375,27.9,27.4875,4.325
YNG,MYB,10.9625,13.0625,13.8,14.525,16.4,18.275,27.4875,3.625
YNG,TOO,10.9625,13.0625,13.8,14.525,16.4,18.275,27.4875,3.625
YNG,TVL,13.225,18.1375,20.6375,23.1375,25.5375,27.9,27.4875,5.5375
YNG,CNS,13.225,18.1375,20.6375,23.1375,25.5375,27.9,27.4875,5.5375
YNG,PER,13.225,18.1375,20.6375,23.1375,25.5375,27.9,27.4875,6.6375